<Plugins>
	
	<!--   These are some of the default plugins, which are loaded at startup time -->
	
	<Plugin name="MailService" className="org.jwall.web.audit.console.messaging.MailService" />

	<Plugin name="NotificationManager" className="org.jwall.web.audit.console.messaging.NotificationManager" />
	
<!-- 
	<Plugin name="GeoIPService" className="org.jwall.web.audit.console.services.GeoIPServiceImpl" />
 -->	
	<Plugin name="GeoIPService" className="org.jwall.web.audit.console.services.GeoIPServiceImpl" />
	
	<Plugin name="RblService" className="org.jwall.web.policy.rbl.RblServiceImpl" />
	
	<Plugin name="ReportletService" className="org.jwall.web.audit.console.user.UserReportletManager" />
	
	<Plugin name="ObserverService" className="org.jwall.web.audit.console.receiver.FileObserverManager" />

    <Plugin name="SyslogReceiverService" className="org.jwall.web.audit.console.receiver.SyslogReceiver" />

</Plugins>
