<!DOCTYPE struts PUBLIC
    "-//Apache Software Foundation//DTD Struts Configuration 2.0//EN"
    "http://struts.apache.org/dtds/struts-2.0.dtd">

<struts>
    <constant name="struts.custom.i18n.resources" value="language_de_DE" />

	<constant name="struts.multipart.maxSize" value="536870912" />
	<!-- 
	 -->
	<constant name="struts.convention.action.disableJarScanning" value="false" />
	<constant name="struts.convention.action.includeJars" value=".*" />
	<constant name="struts.convention.package.locators" value="actions"/>
	<constant name="struts.convention.package.locators.basePackage" value="org.jwall.web.audit.console"/>
	<constant name="struts.convention.relative.result.types" value="dispatcher"/>
	
	<constant name="struts.action.extension" value=",action" />
    <constant name="struts.convention.action.suffix" value="Action"/>
    <constant name="struts.convention.action.mapAllMatches" value="true"/>
	<constant name="struts.convention.default.parent.package" value="AuditConsole"/>
	
	
	<package name="AuditConsole" namespace="" extends="struts-default">

		<interceptors>
		    <interceptor name="exception" class="com.opensymphony.xwork2.interceptor.ExceptionMappingInterceptor"/>
			<interceptor name="redirectMessage" class="org.jwall.util.RedirectMessageInterceptor" />
		
			<interceptor-stack name="fileUploadStack">
			    <interceptor-ref name="exception"/>
			    
				<interceptor-ref name="fileUpload">
					<param name="maximumSize">536870912</param>
				</interceptor-ref>

				<interceptor-ref name="basicStack" />

				<interceptor-ref name="defaultStack">
    				<param name="fileUpload.maximumSize">536870912</param>
				</interceptor-ref>
				
			    <interceptor-ref name="redirectMessage" />
			</interceptor-stack>
			
			<interceptor-stack name="defaultStack">
			    <interceptor-ref name="exception"/>
			    
				<interceptor-ref name="basicStack" />

				<interceptor-ref name="defaultStack">
    				<param name="fileUpload.maximumSize">536870912</param>
				</interceptor-ref>
				
			    <interceptor-ref name="redirectMessage" />
			</interceptor-stack>
			
			<interceptor-stack name="serviceStack">
                <interceptor-ref name="exception"/>
                <interceptor-ref name="servletConfig"/>
                <interceptor-ref name="prepare"/>
			</interceptor-stack>
			
		</interceptors>




        <global-results>
            <result name="login">/WEB-INF/content/login.jsp</result>
            <result name="terms-of-usage" type="redirect">/setup/terms-of-usage</result>
            <result name="setup" type="redirect">/setup/system</result>
            <result name="storage-failure" type="redirect">/setup/storage</result>
            <result name="Exception">/WEB-INF/content/error.jsp</result>
            <result name="permission-exception">/WEB-INF/content/permission-error.jsp</result>
            <result name="feature-not-implemented">/WEB-INF/content/feature-error.jsp</result>
        </global-results>

        <global-exception-mappings>
            <exception-mapping exception="org.jwall.web.audit.console.security.UnauthorizedAccessException" result="login"></exception-mapping>
            <exception-mapping exception="org.jwall.web.audit.console.TermsOfUsageException" result="terms-of-usage"></exception-mapping>
            <exception-mapping exception="org.jwall.web.audit.console.ConsoleSetupException" result="setup"></exception-mapping>
            <exception-mapping exception="org.jwall.web.audit.console.AuditStorageSetupException" result="storage-failure"></exception-mapping>
            <exception-mapping exception="org.jwall.web.audit.console.ConsoleComponentUnavailableException" result="Exception"/>
            <exception-mapping exception="org.jwall.web.audit.console.security.UnauthorizedAccessException" result="login"></exception-mapping>
            <exception-mapping exception="org.jwall.web.audit.console.FeatureNotImplementedException" result="feature-not-implemented"></exception-mapping>
        </global-exception-mappings>

	</package>
	
</struts>