<?xml version="1.0" encoding="UTF-8"?>

<beans xmlns:sec="http://www.springframework.org/schema/security"
	xmlns="http://www.springframework.org/schema/beans" xmlns:xsi="http://www.w3.org/2001/XMLSchema-instance"
	xsi:schemaLocation="http://www.springframework.org/schema/beans http://www.springframework.org/schema/beans/spring-beans-3.0.xsd
                        http://www.springframework.org/schema/security http://www.springframework.org/schema/security/spring-security-3.0.xsd">


	<!-- Use the customer AuditConsole authentication provider -->
	<!-- -->
	<bean id="propertyPlaceholderConfigurer" class="org.springframework.beans.factory.config.PropertyPlaceholderConfigurer">  
  		<property name="locations">  
    		<list>  
      			<value>WEB-INF/cas.properties</value>
    		</list>  
  		</property>  
	</bean>  
  
	<!-- Configure CAS login -->

	<sec:authentication-manager alias="authenticationManager">
		<sec:authentication-provider ref="casAuthenticationProvider" />
	</sec:authentication-manager>

	<bean id="serviceProperties" class="org.springframework.security.cas.ServiceProperties">
		<property name="service" value="${console.server.url}/j_spring_cas_security_check" />
		<property name="sendRenew" value="false" />
	</bean>

	<bean id="casAuthenticationProvider"
		class="org.springframework.security.cas.authentication.CasAuthenticationProvider">
		<property name="userDetailsService" ref="consoleAuthenticationProvider" />
		<property name="serviceProperties" ref="serviceProperties" />
		<property name="ticketValidator">
			<bean class="org.jasig.cas.client.validation.Cas20ServiceTicketValidator">
				<constructor-arg index="0" value="${cas.server.url}" />
			</bean>
		</property>
		<property name="key" value="an_id_for_this_auth_provider_only" />
	</bean>

	<bean id="casFilter"
		class="org.springframework.security.cas.web.CasAuthenticationFilter">
		<property name="authenticationManager" ref="authenticationManager" />
	</bean>
	
	<bean id="casEntryPoint"
        class="org.springframework.security.cas.web.CasAuthenticationEntryPoint">
        <property name="serviceProperties" ref="serviceProperties" />
        <property name="loginUrl" value="${cas.server.url}/login" />
    </bean>	


 <!-- This filter handles a Single Logout Request from the CAS Server -->
    <bean id="singleLogoutFilter" class="org.jasig.cas.client.session.SingleSignOutFilter"/>
    <!-- This filter redirects to the CAS Server to signal Single Logout should be performed -->
    <bean id="requestSingleLogoutFilter" 
    	class="org.springframework.security.web.authentication.logout.LogoutFilter">
        <property name="filterProcessesUrl" value="/j_spring_cas_security_logout" />
        <constructor-arg value="${cas.server.url}/logout"/>
        <constructor-arg>
            <bean class="org.springframework.security.web.authentication.logout.SecurityContextLogoutHandler"/>
        </constructor-arg>
    </bean>


	<sec:global-method-security secured-annotations="enabled" />


	<sec:http use-expressions="true" entry-point-ref="casEntryPoint">
		<sec:custom-filter position="CAS_FILTER" ref="casFilter" />

		<!-- The /rpc URLs provide remote access, each servlet behind /rpc/* handles 
			authentication by itself -->
		<sec:intercept-url pattern="/rpc/*" filters='none' />

		<!-- The /upload/* and /receive/* URLs provide access to upload servlets -->
		<sec:intercept-url pattern="/upload/**" filters='none' />
		<sec:intercept-url pattern="/receive/**" filters='none' />
		<sec:intercept-url pattern="/api/**" filters='none' />
		<sec:intercept-url pattern="/ws/**" filters='none' />

		<!-- Images, CSS and login can be viewed without any restrictions -->
		<sec:intercept-url pattern="/css/**" filters='none' />
		<sec:intercept-url pattern="/favicon.ico" access='permitAll' />
		<sec:intercept-url pattern="/images/**" filters='none' />
		<sec:intercept-url pattern="/login" filters="none" />
		<sec:intercept-url pattern="/logout" filters="none" />

		<sec:intercept-url pattern="/setup/**" access="hasRole('SETUP')" />
		<sec:intercept-url pattern="/**" access="hasRole('ROLE_USER')" />

		<sec:form-login login-page="/login" default-target-url='/Dashboard' />
		<sec:logout logout-url="/logout" logout-success-url='/'
			invalidate-session='true' />

		<!-- Uncomment to limit the number of sessions a user can have -->
		<!-- <session-management invalid-session-url="/login" session-fixation-protection='newSession'> 
			<concurrency-control max-sessions="1" error-if-maximum-exceeded="true" /> 
			</session-management> -->
	</sec:http>

</beans>
