<?xml version="1.0" encoding="UTF-8"?>
<!DOCTYPE beans PUBLIC "-//SPRING//DTD BEAN//EN" "http://www.springframework.org/dtd/spring-beans.dtd">

<beans>
  <bean id="dataNodeManager" 
  		class="org.jwall.audit.node.DataNodeServiceImpl">
  </bean>

  <bean id="dataNodeServiceRMI" 
  		class="org.springframework.remoting.rmi.RmiServiceExporter">
  	<property name="serviceName" value="DataNodeService"/>
  	<property name="service" ref="dataNodeManager"/>
  	<property name="serviceInterface" value="org.jwall.remote.node.DataNodeService" />
  	
  	<property name="registryPort" value="9105" />
  </bean>

</beans>