<?xml version="1.0" encoding="ISO-8859-1" ?>
<!DOCTYPE tiles-definitions PUBLIC
       "-//Apache Software Foundation//DTD Tiles Configuration 2.1//EN"
       "http://tiles.apache.org/dtds/tiles-config_2_1.dtd">
       
<!-- Definitions for Tiles documentation   -->
<tiles-definitions>

  	<!-- ========================================================== -->
  	<!-- Master definition                                          -->
  	<!-- ========================================================== -->
  	<!-- Main page layout used as a root for other page definitions -->

	<definition name="layout" template="/WEB-INF/templates/layout.jsp"/>

	<definition name="gwt" template="/WEB-INF/templates/gwt-support.jsp"/>

	<definition name="pure" template="/WEB-INF/templates/pure.jsp"/>

	<definition name="AuditConsole" template="/WEB-INF/templates/AuditConsole.jsp"/>

	<definition name="site.layout" template="/WEB-INF/templates/layout.jsp" />

	<definition name="blank" template="/WEB-INF/templates/blank.jsp" />

	<definition name="blank-nogwt" template="/WEB-INF/templates/blank-nogwt.jsp" />

	<definition name="one-column" template="/WEB-INF/templates/one-column.jsp" />

</tiles-definitions> 
